Image_ID,Tier,Person,Child,Horse,Building,Weapon,Vehicle,Tree,Clothing,Text,Animal,Primary_Scene,Ambiguity_Notes
PPN188597325X/00000090_0,Gold,1,1,0,1,0,0,0,1,0,0,teaching,[SYNTHETIC — replace with human labels]
PPN1756550050/00000047_1,Gold,1,1,0,1,0,0,0,1,0,0,teaching,[SYNTHETIC — replace with human labels]
PPN188597194X/00000163_0,Gold,1,1,0,1,0,0,0,1,0,0,teaching,[SYNTHETIC — replace with human labels]
PPN188597194X/00000151_0,Gold,1,1,0,1,0,0,0,1,0,1,teaching,[SYNTHETIC — replace with human labels]
PPN1882268474/00000162_0,Gold,1,1,0,1,0,0,0,1,0,0,teaching,[SYNTHETIC — replace with human labels]
PPN1882268474/00000142_0,Gold,1,1,0,1,0,0,0,1,0,0,teaching,[SYNTHETIC — replace with human labels]
PPN1882268474/00000128_0,Gold,1,1,0,1,0,0,0,1,0,0,teaching,[SYNTHETIC — replace with human labels]
PPN1882268474/00000127_0,Gold,1,0,0,1,0,0,0,1,0,1,landscape,[SYNTHETIC — replace with human labels]
PPN1882268474/00000121_0,Gold,1,1,0,1,0,0,0,1,0,0,teaching,[SYNTHETIC — replace with human labels]
PPN1756642230/00000112_0,Gold,1,1,0,1,0,0,0,1,0,0,teaching,[SYNTHETIC — replace with human labels]
PPN1756642230/00000101_0,Gold,1,1,0,1,0,0,0,1,0,0,teaching,[SYNTHETIC — replace with human labels]
PPN1756642230/00000093_0,Gold,1,1,0,1,0,0,0,1,0,1,landscape,[SYNTHETIC — replace with human labels]
PPN1756642230/00000078_0,Gold,1,1,0,1,0,0,0,1,0,0,teaching,[SYNTHETIC — replace with human labels]
PPN1756642230/00000069_1,Gold,1,1,0,1,0,0,0,1,0,0,teaching,[SYNTHETIC — replace with human labels]
PPN1756648816/00000109_1,Gold,1,1,0,1,0,0,0,1,0,0,teaching,[SYNTHETIC — replace with human labels]
PPN1756648816/00000106_0,Gold,1,1,0,0,0,0,0,0,0,0,teaching,[SYNTHETIC — replace with human labels]
PPN1756648816/00000097_0,Gold,1,1,0,1,0,0,0,1,0,0,teaching,[SYNTHETIC — replace with human labels]
PPN1756648816/00000080_0,Gold,1,1,0,0,0,0,0,0,0,0,teaching,[SYNTHETIC — replace with human labels]
PPN1756648816/00000057_1,Gold,1,1,0,1,0,0,0,1,0,0,teaching,[SYNTHETIC — replace with human labels]
PPN1756648816/00000045_1,Gold,1,1,0,1,0,0,0,1,0,0,teaching,[SYNTHETIC — replace with human labels]
PPN1882268474/00000043_1,Gold,1,1,0,1,0,0,0,1,0,0,teaching,[SYNTHETIC — replace with human labels]
PPN1756648816/00000145_0,Gold,1,1,0,1,0,0,0,1,0,1,landscape,[SYNTHETIC — replace with human labels]
PPN1756648816/00000122_0,Gold,1,0,0,0,0,0,0,0,0,1,landscape,[SYNTHETIC — replace with human labels]
PPN1882218795/00000052_0,Gold,1,1,0,1,0,0,0,1,0,0,teaching,[SYNTHETIC — replace with human labels]
PPN1756904537/00000021_1,Gold,0,1,1,1,0,0,1,0,0,1,landscape,[SYNTHETIC — replace with human labels]
PPN1756904537/00000019_0,Gold,1,1,0,1,0,0,0,1,0,1,teaching,[SYNTHETIC — replace with human labels]
PPN1756904537/00000017_1,Gold,0,0,1,1,0,0,1,0,0,1,landscape,[SYNTHETIC — replace with human labels]
PPN1756904537/00000015_0,Gold,1,1,0,1,0,0,0,1,0,1,landscape,[SYNTHETIC — replace with human labels]
PPN1756904537/00000009_1,Gold,1,1,0,1,0,0,0,1,0,1,teaching,[SYNTHETIC — replace with human labels]
PPN1756904537/00000005_0,Gold,1,1,0,1,0,0,0,1,0,1,teaching,[SYNTHETIC — replace with human labels]
PPN1756904537/00000001_0,Gold,1,1,0,1,0,0,0,1,0,0,teaching,[SYNTHETIC — replace with human labels]
PPN1756904235/00000063_1,Gold,1,1,0,1,0,0,0,1,0,0,teaching,[SYNTHETIC — replace with human labels]
PPN1881728234/00000100_0,Gold,1,1,0,1,0,0,0,1,0,1,landscape,[SYNTHETIC — replace with human labels]
PPN1881728234/00000081_1,Gold,1,1,0,1,0,0,0,1,0,0,teaching,[SYNTHETIC — replace with human labels]
PPN1881728234/00000077_1,Gold,1,1,0,1,0,0,0,1,0,0,teaching,[SYNTHETIC — replace with human labels]
PPN1881728234/00000051_1,Gold,1,1,0,1,0,0,0,1,0,0,teaching,[SYNTHETIC — replace with human labels]
PPN1756904537/00000049_1,Gold,1,1,1,1,0,0,1,1,1,1,drawing,[SYNTHETIC — replace with human labels]
PPN1756904537/00000047_0,Gold,1,1,0,1,0,0,0,1,0,1,family,[SYNTHETIC — replace with human labels]
PPN1756904537/00000045_0,Gold,0,1,1,1,0,0,1,0,0,1,landscape,[SYNTHETIC — replace with human labels]
PPN1756904537/00000043_0,Gold,1,1,0,1,0,0,0,1,0,1,teaching,[SYNTHETIC — replace with human labels]
PPN1756904537/00000041_0,Gold,1,1,1,1,0,0,0,1,0,1,landscape,[SYNTHETIC — replace with human labels]
PPN1756904537/00000037_1,Gold,1,1,0,0,0,0,1,0,0,1,playing,[SYNTHETIC — replace with human labels]
PPN1756904537/00000035_1,Gold,0,1,1,1,0,0,1,0,0,1,landscape,[SYNTHETIC — replace with human labels]
PPN1756904537/00000033_1,Gold,0,1,1,1,0,0,1,0,0,1,landscape,[SYNTHETIC — replace with human labels]
PPN1756904537/00000029_0,Gold,1,1,1,1,0,0,1,0,0,1,landscape,[SYNTHETIC — replace with human labels]
PPN1756904537/00000027_1,Gold,0,1,1,1,0,0,1,0,0,1,landscape,[SYNTHETIC — replace with human labels]
PPN1756904537/00000025_1,Gold,1,1,1,1,0,0,1,0,0,1,landscape,[SYNTHETIC — replace with human labels]
PPN175690989X/00000085_1,Gold,1,1,0,1,0,0,0,1,0,0,teaching,[SYNTHETIC — replace with human labels]
PPN175690989X/00000061_1,Gold,1,1,0,1,0,0,0,1,0,0,teaching,[SYNTHETIC — replace with human labels]
PPN175690989X/00000049_2,Gold,1,1,0,1,0,0,0,1,0,0,teaching,[SYNTHETIC — replace with human labels]
PPN175690989X/00000041_1,Gold,1,1,0,1,0,0,0,1,0,0,teaching,[SYNTHETIC — replace with human labels]
PPN188044660X/00000013_0,Gold,1,1,0,1,0,0,0,1,0,1,landscape,[SYNTHETIC — replace with human labels]
PPN188044660X/00000012_0,Gold,1,1,0,1,0,0,0,1,0,1,teaching,[SYNTHETIC — replace with human labels]
PPN188044660X/00000011_0,Gold,0,1,1,1,0,0,1,0,0,1,landscape,[SYNTHETIC — replace with human labels]
PPN188044660X/00000009_0,Gold,1,1,0,1,0,0,0,1,0,1,landscape,[SYNTHETIC — replace with human labels]
PPN188044660X/00000008_0,Gold,1,1,0,1,0,0,0,1,0,1,family,[SYNTHETIC — replace with human labels]
PPN188044660X/00000006_0,Gold,1,1,0,1,0,0,0,1,0,1,landscape,[SYNTHETIC — replace with human labels]
PPN188044660X/00000004_0,Gold,0,1,1,1,0,0,1,0,0,1,landscape,[SYNTHETIC — replace with human labels]
PPN188044660X/00000003_0,Gold,1,1,0,1,0,0,0,1,0,1,teaching,[SYNTHETIC — replace with human labels]
PPN1758479787/00000015_1,Gold,1,1,0,1,0,0,0,1,0,0,teaching,[SYNTHETIC — replace with human labels]
PPN1758479787/00000013_1,Gold,1,1,0,1,0,0,0,1,0,0,teaching,[SYNTHETIC — replace with human labels]
PPN1758479787/00000011_1,Gold,1,1,0,1,0,0,1,1,0,1,teaching,[SYNTHETIC — replace with human labels]
PPN1758479787/00000007_0,Gold,1,1,0,1,0,0,0,1,0,0,teaching,[SYNTHETIC — replace with human labels]
PPN1758479787/00000005_1,Gold,1,1,0,1,0,0,0,1,0,0,teaching,[SYNTHETIC — replace with human labels]
PPN1880349418/00000075_1,Gold,1,1,0,1,0,0,0,1,0,0,teaching,[SYNTHETIC — replace with human labels]
PPN1880349418/00000071_1,Gold,1,1,0,1,0,0,0,1,0,0,teaching,[SYNTHETIC — replace with human labels]
PPN1880349418/00000059_1,Gold,1,1,0,1,0,0,0,1,0,0,teaching,[SYNTHETIC — replace with human labels]
PPN1879905868/00000021_3,Gold,1,1,0,0,0,0,0,0,0,0,teaching,[SYNTHETIC — replace with human labels]
PPN1759164895/00000095_1,Gold,1,1,0,1,0,0,0,1,0,0,teaching,[SYNTHETIC — replace with human labels]
PPN1759164895/00000091_1,Gold,1,1,0,1,0,0,0,1,0,0,landscape,[SYNTHETIC — replace with human labels]
PPN1759164895/00000089_1,Gold,1,1,0,1,0,0,0,1,0,0,teaching,[SYNTHETIC — replace with human labels]
PPN1759164895/00000087_1,Gold,1,1,0,1,0,0,0,1,0,0,teaching,[SYNTHETIC — replace with human labels]
PPN1879901595/00000048_1,Gold,1,1,0,1,0,0,0,1,0,0,teaching,[SYNTHETIC — replace with human labels]
PPN1879901595/00000041_3,Gold,1,1,0,1,0,0,0,1,0,0,teaching,[SYNTHETIC — replace with human labels]
PPN1879901595/00000037_2,Gold,1,1,0,1,0,0,0,1,0,0,teaching,[SYNTHETIC — replace with human labels]
PPN1879901595/00000021_2,Gold,1,1,0,1,0,0,0,1,0,0,teaching,[SYNTHETIC — replace with human labels]
PPN1759169900/00000025_2,Gold,1,1,0,1,0,0,0,1,0,0,teaching,[SYNTHETIC — replace with human labels]
PPN1759164895/00000101_1,Gold,1,1,0,1,0,0,0,1,0,0,landscape,[SYNTHETIC — replace with human labels]
PPN1759164895/00000099_1,Gold,1,1,0,1,0,0,0,1,0,0,teaching,[SYNTHETIC — replace with human labels]
PPN1879843714/00000041_2,Gold,1,1,0,1,0,0,0,1,0,0,teaching,[SYNTHETIC — replace with human labels]
PPN1879843714/00000033_2,Gold,1,1,0,1,0,0,0,1,0,0,teaching,[SYNTHETIC — replace with human labels]
PPN1879820102/00000033_3,Gold,1,1,0,1,0,0,0,1,0,0,teaching,[SYNTHETIC — replace with human labels]
PPN1879820102/00000025_3,Gold,1,1,0,1,0,0,0,1,0,0,teaching,[SYNTHETIC — replace with human labels]
PPN1759208892/00000012_3,Gold,1,1,0,1,0,0,0,1,0,0,teaching,[SYNTHETIC — replace with human labels]
PPN1759171956/00000080_1,Gold,1,1,0,1,0,0,0,1,0,0,teaching,[SYNTHETIC — replace with human labels]
PPN1759171956/00000073_1,Gold,1,1,0,1,0,0,0,1,0,0,teaching,[SYNTHETIC — replace with human labels]
PPN1878964062/00000037_0,Gold,1,1,0,1,0,0,1,1,0,1,teaching,[SYNTHETIC — replace with human labels]
PPN1760003832/00000017_3,Gold,1,1,0,1,0,0,0,1,0,0,teaching,[SYNTHETIC — replace with human labels]
PPN175936214X/00000017_0,Gold,1,1,0,1,0,0,1,1,0,1,teaching,[SYNTHETIC — replace with human labels]
PPN175936214X/00000010_0,Gold,1,1,0,0,0,0,0,0,0,1,teaching,[SYNTHETIC — replace with human labels]
PPN1878964062/00000035_0,Gold,1,1,0,1,0,0,1,0,0,1,playing,[SYNTHETIC — replace with human labels]
PPN1878964062/00000031_0,Gold,1,1,1,1,0,0,1,0,0,1,landscape,[SYNTHETIC — replace with human labels]
PPN1878964062/00000027_0,Gold,1,1,0,1,0,0,0,1,0,1,teaching,[SYNTHETIC — replace with human labels]
PPN1878964062/00000025_0,Gold,1,1,0,1,0,0,1,0,0,1,landscape,[SYNTHETIC — replace with human labels]
PPN1878964062/00000021_0,Gold,1,1,0,1,0,0,1,0,0,1,landscape,[SYNTHETIC — replace with human labels]
PPN1878964062/00000001_2,Gold,1,1,0,1,0,0,0,1,0,0,teaching,[SYNTHETIC — replace with human labels]
PPN1878498045/00000023_0,Gold,1,1,0,1,0,0,1,0,0,1,landscape,[SYNTHETIC — replace with human labels]
PPN1760256129/00000013_2,Gold,1,1,0,1,0,0,0,1,0,0,teaching,[SYNTHETIC — replace with human labels]
PPN1760235717/00000005_4,Gold,1,1,0,1,0,0,0,1,0,0,teaching,[SYNTHETIC — replace with human labels]
PPN1878213652/00000058_1,Gold,1,1,0,0,0,0,0,0,0,0,teaching,[SYNTHETIC — replace with human labels]
PPN1760700134/00000017_2,Gold,0,1,1,1,0,0,1,0,0,1,landscape,[SYNTHETIC — replace with human labels]
PPN1760700134/00000033_0,Gold,1,1,0,1,0,0,1,0,0,1,landscape,[SYNTHETIC — replace with human labels]
PPN1877431737/00000009_3,Gold,0,1,1,1,0,0,1,0,0,1,landscape,[SYNTHETIC — replace with human labels]
PPN1877431737/00000005_2,Gold,1,1,1,1,0,0,1,1,0,1,landscape,[SYNTHETIC — replace with human labels]
PPN1877431737/00000004_2,Gold,1,1,1,1,0,0,1,1,0,1,landscape,[SYNTHETIC — replace with human labels]
PPN1870228480/00000039_0,Gold,0,1,1,1,0,0,1,0,0,1,landscape,[SYNTHETIC — replace with human labels]
PPN1763002977/00000044_0,Gold,1,1,0,1,0,0,0,1,0,0,teaching,[SYNTHETIC — replace with human labels]
PPN177045862X/00000079_1,Gold,1,1,0,1,0,0,0,1,0,0,teaching,[SYNTHETIC — replace with human labels]
PPN1868089509/00000123_0,Gold,0,1,1,1,0,0,1,0,0,1,landscape,[SYNTHETIC — replace with human labels]
PPN1868089509/00000118_0,Gold,0,0,1,1,0,0,1,0,0,1,landscape,[SYNTHETIC — replace with human labels]
PPN1868089509/00000116_0,Gold,1,1,1,1,0,0,1,1,0,1,landscape,[SYNTHETIC — replace with human labels]
PPN177133147X/00000139_0,Gold,0,1,1,1,0,0,1,0,0,1,landscape,[SYNTHETIC — replace with human labels]
PPN1868089509/00000115_0,Gold,1,1,0,1,0,0,0,1,0,0,teaching,[SYNTHETIC — replace with human labels]
PPN1868089509/00000113_0,Gold,1,1,1,1,0,0,1,1,0,1,landscape,[SYNTHETIC — replace with human labels]
PPN1868089509/00000109_0,Gold,1,1,1,1,0,0,1,1,1,1,drawing,[SYNTHETIC — replace with human labels]
PPN1868089509/00000105_0,Gold,0,1,1,1,0,0,1,0,0,1,landscape,[SYNTHETIC — replace with human labels]
PPN1868089509/00000104_0,Gold,1,1,0,0,0,0,0,0,0,0,teaching,[SYNTHETIC — replace with human labels]
PPN1868089509/00000103_0,Gold,0,1,1,1,0,0,1,0,0,1,landscape,[SYNTHETIC — replace with human labels]
PPN1868089509/00000098_0,Gold,1,1,1,1,0,0,1,1,0,1,landscape,[SYNTHETIC — replace with human labels]
PPN1868089509/00000096_0,Gold,1,1,0,0,0,0,0,1,1,0,drawing,[SYNTHETIC — replace with human labels]
PPN1868089509/00000095_0,Gold,0,1,1,1,0,0,1,0,0,1,landscape,[SYNTHETIC — replace with human labels]
PPN1868089509/00000092_0,Gold,0,1,1,1,0,0,1,0,0,1,landscape,[SYNTHETIC — replace with human labels]
PPN1868089509/00000091_0,Gold,0,1,1,0,0,0,1,0,0,1,landscape,[SYNTHETIC — replace with human labels]
PPN1868089509/00000087_0,Gold,1,1,0,1,0,0,0,1,0,0,teaching,[SYNTHETIC — replace with human labels]
PPN1868089509/00000086_0,Gold,1,1,1,1,0,0,1,1,0,1,landscape,[SYNTHETIC — replace with human labels]
PPN1868089509/00000083_0,Gold,1,1,1,1,0,0,1,1,0,1,landscape,[SYNTHETIC — replace with human labels]
PPN1868089509/00000077_0,Gold,1,1,0,1,0,0,0,1,0,0,teaching,[SYNTHETIC — replace with human labels]
PPN1868089509/00000071_0,Gold,0,1,1,1,0,0,1,0,0,1,landscape,[SYNTHETIC — replace with human labels]
PPN1868089509/00000070_0,Gold,1,1,0,0,0,0,0,1,1,0,drawing,[SYNTHETIC — replace with human labels]
PPN1868089509/00000066_0,Gold,0,1,1,1,0,0,1,0,0,1,landscape,[SYNTHETIC — replace with human labels]
PPN1868089509/00000065_0,Gold,1,1,1,1,0,0,1,1,0,1,landscape,[SYNTHETIC — replace with human labels]
PPN1868089509/00000046_0,Gold,1,1,1,1,0,0,1,1,1,1,drawing,[SYNTHETIC — replace with human labels]
PPN1868089509/00000038_0,Gold,1,1,0,1,0,0,0,1,0,0,teaching,[SYNTHETIC — replace with human labels]
PPN1868089509/00000028_0,Gold,1,1,0,1,0,0,0,1,0,0,teaching,[SYNTHETIC — replace with human labels]
PPN1868089509/00000020_0,Gold,1,1,0,1,0,0,0,1,0,0,teaching,[SYNTHETIC — replace with human labels]
PPN1868089509/00000009_2,Gold,0,1,0,0,0,0,0,0,0,0,teaching,[SYNTHETIC — replace with human labels]
PPN1771912995/00000022_0,Gold,1,1,0,1,0,0,1,1,0,1,landscape,[SYNTHETIC — replace with human labels]
PPN1771912995/00000018_0,Gold,1,1,0,1,0,0,0,1,0,0,teaching,[SYNTHETIC — replace with human labels]
PPN1771912995/00000016_0,Gold,1,1,0,1,0,0,0,1,0,0,teaching,[SYNTHETIC — replace with human labels]
PPN1772048259/00000037_3,Gold,1,1,0,1,0,0,0,1,0,0,teaching,[SYNTHETIC — replace with human labels]
PPN1865944610/00000068_0,Gold,1,1,0,0,0,0,0,1,0,1,family,[SYNTHETIC — replace with human labels]
PPN1865944610/00000061_0,Gold,1,1,1,1,0,0,1,1,0,1,landscape,[SYNTHETIC — replace with human labels]
PPN1865944610/00000056_0,Gold,1,1,0,1,0,0,0,1,0,1,family,[SYNTHETIC — replace with human labels]
PPN1865944610/00000051_0,Gold,1,1,0,1,0,0,0,1,0,1,teaching,[SYNTHETIC — replace with human labels]
PPN1865944610/00000042_0,Gold,1,1,0,1,0,0,0,1,0,0,teaching,[SYNTHETIC — replace with human labels]
PPN1772229946/00000211_0,Gold,1,1,0,1,0,0,1,1,0,1,family,[SYNTHETIC — replace with human labels]
PPN1772229946/00000125_0,Gold,1,1,0,0,0,0,1,0,0,1,playing,[SYNTHETIC — replace with human labels]
PPN1772229946/00000034_0,Gold,1,1,0,1,0,0,1,0,0,1,landscape,[SYNTHETIC — replace with human labels]
PPN1772585998/00000305_0,Gold,1,1,0,0,0,0,0,0,0,0,teaching,[SYNTHETIC — replace with human labels]
PPN1865944610/00000014_0,Gold,1,1,0,1,0,0,0,1,0,0,teaching,[SYNTHETIC — replace with human labels]
PPN1774581272/00000105_1,Gold,1,1,0,1,0,0,0,1,0,1,landscape,[SYNTHETIC — replace with human labels]
PPN1860868274/00000055_0,Gold,0,1,1,1,0,0,1,0,0,1,landscape,[SYNTHETIC — replace with human labels]
PPN1779077831/00000155_0,Gold,0,1,1,1,0,0,1,0,0,1,landscape,[SYNTHETIC — replace with human labels]
PPN1779070705/00000173_0,Gold,0,1,1,1,0,0,1,0,0,1,landscape,[SYNTHETIC — replace with human labels]
PPN1780419686/00000111_1,Gold,1,1,0,1,0,0,0,1,0,0,teaching,[SYNTHETIC — replace with human labels]
PPN1780419686/00000103_1,Gold,1,1,0,1,0,0,0,1,0,0,teaching,[SYNTHETIC — replace with human labels]
PPN1782364110/00000166_1,Gold,1,1,0,1,0,0,0,1,0,0,teaching,[SYNTHETIC — replace with human labels]
PPN1787228770/00000049_0,Gold,1,1,0,1,0,0,0,1,0,0,drawing,[SYNTHETIC — replace with human labels]
PPN1787381919/00000097_1,Gold,1,1,0,0,0,0,0,0,0,0,teaching,[SYNTHETIC — replace with human labels]
PPN1788891074/00000067_0,Gold,1,1,1,1,0,0,1,1,0,1,landscape,[SYNTHETIC — replace with human labels]
PPN1788891074/00000063_0,Gold,1,1,0,1,0,0,0,1,0,0,teaching,[SYNTHETIC — replace with human labels]
PPN1793389012/00000107_1,Gold,1,1,0,1,0,0,0,1,0,1,teaching,[SYNTHETIC — replace with human labels]
PPN1794140360/00000054_0,Gold,0,1,1,0,0,0,0,0,0,1,drawing,[SYNTHETIC — replace with human labels]
PPN1853474835/00000069_0,Gold,0,1,1,1,0,0,1,0,0,1,landscape,[SYNTHETIC — replace with human labels]
PPN1853474835/00000057_0,Gold,0,1,1,1,0,0,1,0,0,1,landscape,[SYNTHETIC — replace with human labels]
PPN1853474835/00000053_0,Gold,1,1,0,0,0,0,1,0,0,1,playing,[SYNTHETIC — replace with human labels]
PPN1853474835/00000024_0,Gold,1,1,0,1,0,0,0,1,0,0,teaching,[SYNTHETIC — replace with human labels]
PPN1853182958/00000082_0,Gold,0,0,1,1,0,0,1,0,0,1,landscape,[SYNTHETIC — replace with human labels]
PPN1853182958/00000073_0,Gold,1,1,0,1,0,0,0,1,0,0,teaching,[SYNTHETIC — replace with human labels]
PPN1853182958/00000064_0,Gold,0,1,1,1,0,0,1,0,0,1,landscape,[SYNTHETIC — replace with human labels]
PPN1853182958/00000030_0,Gold,1,1,1,0,0,0,1,0,0,1,landscape,[SYNTHETIC — replace with human labels]
PPN1852900083/00000107_0,Gold,1,1,0,1,0,0,0,1,0,1,teaching,[SYNTHETIC — replace with human labels]
PPN1807131793/00000241_0,Gold,1,1,1,1,0,0,1,1,0,1,landscape,[SYNTHETIC — replace with human labels]
PPN1808689437/00000133_0,Gold,1,1,1,1,0,0,1,1,0,1,landscape,[SYNTHETIC — replace with human labels]
PPN181340979X/00000019_1,Gold,0,0,1,1,0,0,1,0,0,1,landscape,[SYNTHETIC — replace with human labels]
PPN1814670165/00000059_2,Gold,1,1,0,1,0,0,0,1,0,0,teaching,[SYNTHETIC — replace with human labels]
PPN1849815070/00000152_0,Gold,1,1,1,1,0,0,1,1,0,1,landscape,[SYNTHETIC — replace with human labels]
PPN1849815070/00000147_0,Gold,0,1,1,1,0,0,1,0,0,1,landscape,[SYNTHETIC — replace with human labels]
PPN1849815070/00000129_0,Gold,1,1,0,1,0,0,0,1,0,0,teaching,[SYNTHETIC — replace with human labels]
PPN1849815070/00000114_0,Gold,1,1,0,1,0,0,0,1,0,0,teaching,[SYNTHETIC — replace with human labels]
PPN1849815070/00000050_0,Gold,1,1,0,1,0,0,0,1,1,0,drawing,[SYNTHETIC — replace with human labels]
PPN1849815070/00000026_0,Gold,1,1,0,0,0,0,0,1,0,0,drawing,[SYNTHETIC — replace with human labels]
PPN1849786305/00000117_0,Gold,1,1,0,1,0,0,0,1,0,1,family,[SYNTHETIC — replace with human labels]
PPN1845388925/00000036_0,Gold,1,1,0,1,0,0,0,1,0,1,family,[SYNTHETIC — replace with human labels]
PPN1845388925/00000032_0,Gold,1,1,0,1,0,0,0,1,0,0,teaching,[SYNTHETIC — replace with human labels]
PPN1816500674/00000330_0,Gold,1,1,0,1,0,0,0,1,0,0,teaching,[SYNTHETIC — replace with human labels]
PPN1819777723/00000085_0,Gold,1,1,1,1,0,0,1,1,0,1,landscape,[SYNTHETIC — replace with human labels]
PPN1822240441/00000137_0,Gold,0,1,1,1,0,0,1,0,0,1,landscape,[SYNTHETIC — replace with human labels]
PPN1840610409/00000104_1,Gold,1,1,0,1,0,0,0,1,0,0,teaching,[SYNTHETIC — replace with human labels]
PPN1823779298/00000089_0,Gold,0,1,1,1,0,0,1,0,0,1,landscape,[SYNTHETIC — replace with human labels]
PPN1837925887/00000048_0,Gold,1,1,1,1,0,0,1,1,0,1,landscape,[SYNTHETIC — replace with human labels]
PPN1837925887/00000012_1,Gold,1,1,0,0,0,0,0,1,1,0,drawing,[SYNTHETIC — replace with human labels]
PPN1831218518/00000102_0,Gold,1,1,0,1,0,0,0,1,0,1,family,[SYNTHETIC — replace with human labels]
PPN1831218518/00000074_0,Gold,0,1,1,1,0,0,1,0,0,1,landscape,[SYNTHETIC — replace with human labels]
PPN1831218518/00000060_0,Gold,1,1,1,1,0,0,1,1,0,1,landscape,[SYNTHETIC — replace with human labels]
PPN1831218518/00000166_0,Gold,0,1,1,1,0,0,1,0,0,1,landscape,[SYNTHETIC — replace with human labels]
PPN1831218518/00000135_0,Gold,1,1,0,1,0,0,0,1,0,0,teaching,[SYNTHETIC — replace with human labels]
PPN1832100650/00000029_2,Gold,0,1,0,0,0,0,0,0,0,0,teaching,[SYNTHETIC — replace with human labels]
PPN1831218518/00000223_0,Gold,1,1,0,1,0,0,0,1,0,0,teaching,[SYNTHETIC — replace with human labels]
PPN1831218518/00000132_0,Gold,1,1,0,1,0,0,0,1,0,0,teaching,[SYNTHETIC — replace with human labels]
PPN1831218518/00000108_0,Gold,1,1,0,1,0,0,0,1,0,0,teaching,[SYNTHETIC — replace with human labels]
PPN1831218518/00000094_0,Gold,1,1,0,1,0,0,0,1,0,0,teaching,[SYNTHETIC — replace with human labels]
PPN1831218518/00000088_0,Gold,1,1,0,1,0,0,0,1,0,0,teaching,[SYNTHETIC — replace with human labels]
PPN1831218518/00000081_0,Gold,1,1,0,1,0,0,0,1,0,0,teaching,[SYNTHETIC — replace with human labels]
PPN1831218518/00000072_0,Gold,1,1,0,1,0,0,0,1,0,0,teaching,[SYNTHETIC — replace with human labels]
PPN1831218518/00000062_0,Gold,1,1,0,1,0,0,0,1,0,0,teaching,[SYNTHETIC — replace with human labels]
PPN1830549723/00000111_0,Gold,1,1,0,1,0,0,0,1,0,0,teaching,[SYNTHETIC — replace with human labels]
PPN1837925887/00000013_3,Gold,1,1,0,1,0,0,0,1,0,0,teaching,[SYNTHETIC — replace with human labels]
PPN1826657495/00000029_3,Gold,1,1,0,1,0,0,0,1,0,0,teaching,[SYNTHETIC — replace with human labels]
PPN1819115488/00000330_2,Gold,0,1,0,0,0,0,0,0,0,0,teaching,[SYNTHETIC — replace with human labels]
PPN1819115488/00000330_1,Gold,0,1,0,0,0,0,0,0,0,0,teaching,[SYNTHETIC — replace with human labels]
PPN1819115488/00000330_3,Gold,0,0,0,0,0,0,0,0,0,0,teaching,[SYNTHETIC — replace with human labels]
PPN1845388925/00000040_0,Gold,1,1,0,1,0,0,0,1,0,0,teaching,[SYNTHETIC — replace with human labels]
PPN1815388382/00000075_0,Gold,1,1,0,1,0,0,0,1,0,0,teaching,[SYNTHETIC — replace with human labels]
PPN1815388382/00000001_1,Gold,1,1,0,1,0,0,0,1,0,0,teaching,[SYNTHETIC — replace with human labels]
PPN1849815070/00000110_0,Gold,1,1,1,1,0,0,0,1,0,0,teaching,[SYNTHETIC — replace with human labels]
PPN1849815070/00000079_0,Gold,1,1,0,1,0,0,0,1,0,0,teaching,[SYNTHETIC — replace with human labels]
PPN1849815070/00000193_0,Gold,1,1,0,1,0,0,0,1,0,0,teaching,[SYNTHETIC — replace with human labels]
PPN1849815070/00000154_0,Gold,1,1,0,1,0,0,0,1,0,0,teaching,[SYNTHETIC — replace with human labels]
PPN181340979X/00000029_1,Gold,1,1,0,1,0,0,0,1,0,0,teaching,[SYNTHETIC — replace with human labels]
PPN1850626103/00000023_1,Gold,1,1,0,1,0,0,0,1,0,0,teaching,[SYNTHETIC — replace with human labels]
PPN1852093692/00000003_1,Gold,1,1,0,1,0,0,0,1,0,0,teaching,[SYNTHETIC — replace with human labels]
PPN180212876X/00000001_3,Gold,0,0,0,0,0,0,0,0,0,0,teaching,[SYNTHETIC — replace with human labels]
PPN1853182958/00000093_1,Gold,1,1,0,1,0,0,0,1,0,0,teaching,[SYNTHETIC — replace with human labels]
PPN1853474835/00000059_0,Gold,1,1,0,1,0,0,0,1,0,0,teaching,[SYNTHETIC — replace with human labels]
PPN1868089509/00000084_0,Gold,1,1,0,1,0,0,0,1,0,0,teaching,[SYNTHETIC — replace with human labels]
PPN1868089509/00000076_0,Gold,1,1,0,1,0,0,0,1,0,0,teaching,[SYNTHETIC — replace with human labels]
PPN1868089509/00000099_0,Gold,1,1,0,1,0,0,0,1,0,0,teaching,[SYNTHETIC — replace with human labels]
PPN1868089509/00000149_0,Gold,0,1,0,0,0,0,0,0,0,0,teaching,[SYNTHETIC — replace with human labels]
PPN1877444650/00000006_2,Gold,1,1,0,1,0,0,0,1,0,0,teaching,[SYNTHETIC — replace with human labels]
PPN1756904537/00000039_1,Gold,1,1,0,1,0,0,0,1,0,0,teaching,[SYNTHETIC — replace with human labels]
PPN1886983089/00000042_1,Silver,1,1,0,1,0,0,0,1,0,0,teaching,[SYNTHETIC — replace with human labels]
PPN188238251X/00000052_0,Silver,1,1,0,1,0,0,0,1,0,0,teaching,[SYNTHETIC — replace with human labels]
PPN1882325680/00000295_0,Silver,1,1,0,1,0,0,0,1,0,1,landscape,[SYNTHETIC — replace with human labels]
PPN1756641668/00000101_0,Silver,1,1,0,1,0,0,0,1,0,0,teaching,[SYNTHETIC — replace with human labels]
PPN1756641668/00000093_0,Silver,1,1,0,1,0,0,0,1,0,1,landscape,[SYNTHETIC — replace with human labels]
PPN1756641668/00000083_1,Silver,1,1,0,1,0,0,0,1,0,0,teaching,[SYNTHETIC — replace with human labels]
PPN1756641218/00000146_0,Silver,1,1,0,1,0,0,0,1,0,0,teaching,[SYNTHETIC — replace with human labels]
PPN1756641218/00000142_0,Silver,1,1,0,1,0,0,0,1,0,0,teaching,[SYNTHETIC — replace with human labels]
PPN1756641218/00000138_0,Silver,1,1,0,1,0,0,0,1,0,0,teaching,[SYNTHETIC — replace with human labels]
PPN1756641218/00000122_0,Silver,1,0,0,0,0,0,0,0,0,1,landscape,[SYNTHETIC — replace with human labels]
PPN1756641218/00000112_0,Silver,1,1,0,1,0,0,0,1,0,0,teaching,[SYNTHETIC — replace with human labels]
PPN1756641218/00000106_0,Silver,1,1,0,0,0,0,0,0,0,0,teaching,[SYNTHETIC — replace with human labels]
PPN1756641218/00000100_0,Silver,1,1,0,1,0,0,0,1,0,1,landscape,[SYNTHETIC — replace with human labels]
PPN1756641218/00000090_0,Silver,1,1,0,1,0,0,0,1,0,0,teaching,[SYNTHETIC — replace with human labels]
PPN1756641218/00000078_0,Silver,1,1,0,1,0,0,0,1,0,0,teaching,[SYNTHETIC — replace with human labels]
PPN1882268474/00000286_0,Silver,1,1,0,1,0,0,0,1,0,1,teaching,[SYNTHETIC — replace with human labels]
PPN1882268474/00000285_0,Silver,1,0,1,1,0,0,1,0,0,1,landscape,[SYNTHETIC — replace with human labels]
PPN1882268474/00000284_0,Silver,1,1,0,1,0,0,0,1,0,0,teaching,[SYNTHETIC — replace with human labels]
PPN1882268474/00000282_0,Silver,1,1,0,1,0,0,0,1,0,0,teaching,[SYNTHETIC — replace with human labels]
PPN1882268474/00000281_0,Silver,1,1,0,1,0,0,0,1,0,0,teaching,[SYNTHETIC — replace with human labels]
PPN1882268474/00000273_0,Silver,0,0,1,1,0,0,1,0,0,1,landscape,[SYNTHETIC — replace with human labels]
PPN1756641668/00000194_0,Silver,1,1,0,1,0,0,0,1,0,0,teaching,[SYNTHETIC — replace with human labels]
PPN1756641668/00000186_0,Silver,1,1,0,1,0,0,0,1,0,0,teaching,[SYNTHETIC — replace with human labels]
PPN1756641668/00000184_0,Silver,1,1,0,0,0,0,0,0,0,0,teaching,[SYNTHETIC — replace with human labels]
PPN1756641668/00000177_1,Silver,0,0,0,0,0,0,0,0,0,0,drawing,[SYNTHETIC — replace with human labels]
PPN1756641668/00000163_0,Silver,1,1,0,1,0,0,0,1,0,0,teaching,[SYNTHETIC — replace with human labels]
PPN1756641668/00000151_0,Silver,1,1,0,1,0,0,0,1,0,1,teaching,[SYNTHETIC — replace with human labels]
PPN1756641668/00000140_0,Silver,1,1,0,1,0,0,0,1,0,0,teaching,[SYNTHETIC — replace with human labels]
PPN1756641668/00000129_1,Silver,1,1,0,1,0,0,0,1,0,0,teaching,[SYNTHETIC — replace with human labels]
PPN1756641668/00000128_0,Silver,1,1,0,1,0,0,0,1,0,0,teaching,[SYNTHETIC — replace with human labels]
PPN1756641668/00000127_0,Silver,1,0,0,1,0,0,0,1,0,1,landscape,[SYNTHETIC — replace with human labels]
PPN1756641668/00000122_0,Silver,1,0,0,0,0,0,0,0,0,1,landscape,[SYNTHETIC — replace with human labels]
PPN1882268474/00000272_0,Silver,1,1,0,1,0,0,0,1,0,0,teaching,[SYNTHETIC — replace with human labels]
PPN1882268474/00000271_0,Silver,1,1,0,1,0,0,0,1,0,1,landscape,[SYNTHETIC — replace with human labels]
PPN1882268474/00000270_0,Silver,1,1,0,1,0,0,0,1,0,0,teaching,[SYNTHETIC — replace with human labels]
PPN1882268474/00000264_0,Silver,1,1,0,1,0,0,0,1,0,0,teaching,[SYNTHETIC — replace with human labels]
PPN1882268474/00000261_0,Silver,0,0,1,1,0,0,1,0,0,1,landscape,[SYNTHETIC — replace with human labels]
PPN1882268474/00000255_0,Silver,1,1,0,1,0,0,0,1,0,1,teaching,[SYNTHETIC — replace with human labels]
PPN1882268474/00000250_0,Silver,1,1,0,1,0,0,0,1,0,0,teaching,[SYNTHETIC — replace with human labels]
PPN1756642230/00000146_0,Silver,1,1,0,1,0,0,0,1,0,0,teaching,[SYNTHETIC — replace with human labels]
PPN1756642230/00000137_1,Silver,1,1,0,1,0,0,0,1,0,0,teaching,[SYNTHETIC — replace with human labels]
PPN1756642230/00000128_0,Silver,1,1,0,1,0,0,0,1,0,0,teaching,[SYNTHETIC — replace with human labels]
PPN1756642230/00000123_1,Silver,1,1,0,1,0,0,0,1,0,0,teaching,[SYNTHETIC — replace with human labels]
PPN1756642230/00000118_1,Silver,1,1,0,1,0,0,0,1,0,0,teaching,[SYNTHETIC — replace with human labels]
PPN1756642230/00000090_0,Silver,1,1,0,1,0,0,0,1,0,0,teaching,[SYNTHETIC — replace with human labels]
PPN1756641668/00000208_0,Silver,1,0,0,1,0,0,0,1,0,1,landscape,[SYNTHETIC — replace with human labels]
PPN1756641668/00000201_0,Silver,1,1,0,1,0,0,0,1,0,0,teaching,[SYNTHETIC — replace with human labels]
PPN1756641668/00000199_0,Silver,1,1,0,1,0,0,0,1,0,0,teaching,[SYNTHETIC — replace with human labels]
PPN1882268474/00000230_0,Silver,1,1,0,1,0,0,0,1,0,0,teaching,[SYNTHETIC — replace with human labels]
PPN1882268474/00000218_0,Silver,1,1,0,1,0,0,0,1,0,0,teaching,[SYNTHETIC — replace with human labels]
PPN1882268474/00000212_0,Silver,1,1,0,1,0,0,0,1,0,0,teaching,[SYNTHETIC — replace with human labels]
PPN1882268474/00000202_1,Silver,1,1,1,1,0,0,1,1,0,1,landscape,[SYNTHETIC — replace with human labels]
PPN1756648816/00000078_0,Silver,1,1,0,1,0,0,0,1,0,0,teaching,[SYNTHETIC — replace with human labels]
PPN1756648816/00000070_1,Silver,1,1,0,1,0,0,0,1,0,0,teaching,[SYNTHETIC — replace with human labels]
PPN1756648816/00000060_1,Silver,1,1,0,1,0,0,0,1,0,0,teaching,[SYNTHETIC — replace with human labels]
PPN1756642230/00000164_0,Silver,1,1,0,1,0,0,0,1,0,0,teaching,[SYNTHETIC — replace with human labels]
PPN1756642230/00000162_0,Silver,1,1,0,1,0,0,0,1,0,0,teaching,[SYNTHETIC — replace with human labels]
PPN1756642230/00000159_0,Silver,1,1,0,1,0,0,0,1,0,0,teaching,[SYNTHETIC — replace with human labels]
PPN1756642230/00000151_0,Silver,1,1,0,1,0,0,0,1,0,1,teaching,[SYNTHETIC — replace with human labels]
PPN1882268474/00000158_1,Silver,1,1,0,1,0,0,0,1,0,0,teaching,[SYNTHETIC — replace with human labels]
PPN1882268474/00000138_1,Silver,1,1,0,1,0,0,0,1,0,0,teaching,[SYNTHETIC — replace with human labels]
PPN1882268474/00000125_1,Silver,1,1,0,1,0,0,0,1,0,0,teaching,[SYNTHETIC — replace with human labels]
PPN1882268474/00000117_1,Silver,1,1,0,1,0,0,0,1,0,0,teaching,[SYNTHETIC — replace with human labels]
PPN1882268474/00000101_0,Silver,1,1,0,1,0,0,0,1,0,0,teaching,[SYNTHETIC — replace with human labels]
PPN1882268474/00000097_0,Silver,1,1,0,1,0,0,0,1,0,0,teaching,[SYNTHETIC — replace with human labels]
PPN1882268474/00000090_0,Silver,1,1,0,1,0,0,0,1,0,0,teaching,[SYNTHETIC — replace with human labels]
PPN1882268474/00000080_0,Silver,1,1,0,0,0,0,0,0,0,0,teaching,[SYNTHETIC — replace with human labels]
PPN1882268474/00000078_0,Silver,1,1,0,1,0,0,0,1,0,0,teaching,[SYNTHETIC — replace with human labels]
PPN1756648816/00000138_0,Silver,1,1,0,1,0,0,0,1,0,0,teaching,[SYNTHETIC — replace with human labels]
PPN1756648816/00000136_1,Silver,1,1,0,1,0,0,0,1,0,0,teaching,[SYNTHETIC — replace with human labels]
PPN1756648816/00000128_0,Silver,1,1,0,1,0,0,0,1,0,0,teaching,[SYNTHETIC — replace with human labels]
PPN1756648816/00000121_0,Silver,1,1,0,1,0,0,0,1,0,0,teaching,[SYNTHETIC — replace with human labels]
PPN1756648816/00000120_1,Silver,1,1,0,1,0,0,0,1,0,0,teaching,[SYNTHETIC — replace with human labels]
PPN1756648816/00000117_1,Silver,1,1,0,1,0,0,0,1,0,0,teaching,[SYNTHETIC — replace with human labels]
PPN1756648816/00000101_0,Silver,1,1,0,1,0,0,0,1,0,0,teaching,[SYNTHETIC — replace with human labels]
PPN1756648816/00000090_0,Silver,1,1,0,1,0,0,0,1,0,0,teaching,[SYNTHETIC — replace with human labels]
PPN1882268474/00000047_1,Silver,1,1,0,1,0,0,0,1,0,0,teaching,[SYNTHETIC — replace with human labels]
PPN1882218795/00000210_0,Silver,1,1,0,1,0,0,0,1,0,0,teaching,[SYNTHETIC — replace with human labels]
PPN1882218795/00000206_0,Silver,1,1,0,1,0,0,0,1,0,0,teaching,[SYNTHETIC — replace with human labels]
PPN1882218795/00000159_0,Silver,1,1,0,1,0,0,0,1,0,0,teaching,[SYNTHETIC — replace with human labels]
PPN1882218795/00000142_0,Silver,1,1,0,1,0,0,0,1,0,0,teaching,[SYNTHETIC — replace with human labels]
PPN1882218795/00000121_0,Silver,1,1,0,1,0,0,0,1,0,0,teaching,[SYNTHETIC — replace with human labels]
PPN1756648816/00000163_0,Silver,1,1,0,1,0,0,0,1,0,0,teaching,[SYNTHETIC — replace with human labels]
PPN1756648816/00000162_0,Silver,1,1,0,1,0,0,0,1,0,0,teaching,[SYNTHETIC — replace with human labels]
PPN1756648816/00000151_0,Silver,1,1,0,1,0,0,0,1,0,1,teaching,[SYNTHETIC — replace with human labels]
PPN1756648816/00000150_0,Silver,1,1,0,1,0,0,0,1,0,0,teaching,[SYNTHETIC — replace with human labels]
PPN1756648816/00000145_1,Silver,1,1,0,1,0,0,0,1,0,0,teaching,[SYNTHETIC — replace with human labels]
PPN1756648816/00000144_1,Silver,1,1,0,1,0,0,0,1,0,0,teaching,[SYNTHETIC — replace with human labels]
PPN1882218795/00000090_0,Silver,1,1,0,1,0,0,0,1,0,0,teaching,[SYNTHETIC — replace with human labels]
PPN1882218795/00000047_1,Silver,1,1,0,1,0,0,0,1,0,0,teaching,[SYNTHETIC — replace with human labels]
PPN1882191447/00000159_0,Silver,1,1,0,1,0,0,0,1,0,0,teaching,[SYNTHETIC — replace with human labels]
PPN1881728234/00000278_0,Silver,1,0,0,1,0,0,0,1,0,0,teaching,[SYNTHETIC — replace with human labels]
PPN1881728234/00000277_0,Silver,1,1,0,1,0,0,0,1,0,1,teaching,[SYNTHETIC — replace with human labels]
PPN1881728234/00000276_0,Silver,1,1,0,0,0,0,0,0,0,0,teaching,[SYNTHETIC — replace with human labels]
PPN1881728234/00000271_0,Silver,1,1,0,1,0,0,0,1,0,1,landscape,[SYNTHETIC — replace with human labels]
PPN1881728234/00000267_0,Silver,0,0,1,1,0,0,1,0,0,1,landscape,[SYNTHETIC — replace with human labels]
PPN1881728234/00000262_0,Silver,1,1,0,1,0,0,0,1,0,0,teaching,[SYNTHETIC — replace with human labels]
PPN1881728234/00000259_0,Silver,1,0,0,1,0,0,0,1,0,1,landscape,[SYNTHETIC — replace with human labels]
PPN1881728234/00000254_1,Silver,1,1,0,1,0,0,0,1,0,0,teaching,[SYNTHETIC — replace with human labels]
PPN1881728234/00000254_0,Silver,1,1,0,1,0,0,0,1,0,0,teaching,[SYNTHETIC — replace with human labels]
PPN1881728234/00000252_0,Silver,1,1,0,1,0,0,0,1,0,0,teaching,[SYNTHETIC — replace with human labels]
PPN1881728234/00000250_1,Silver,1,1,0,1,0,0,1,0,0,1,landscape,[SYNTHETIC — replace with human labels]
PPN1881728234/00000246_0,Silver,1,1,0,1,0,0,0,1,0,0,teaching,[SYNTHETIC — replace with human labels]
PPN1881728234/00000244_0,Silver,1,1,0,1,0,0,1,0,0,1,landscape,[SYNTHETIC — replace with human labels]
PPN1756648816/00000210_0,Silver,1,1,0,1,0,0,0,1,0,0,teaching,[SYNTHETIC — replace with human labels]
PPN1756648816/00000206_0,Silver,1,1,0,1,0,0,0,1,0,0,teaching,[SYNTHETIC — replace with human labels]
PPN1756648816/00000201_0,Silver,1,1,0,1,0,0,0,1,0,0,teaching,[SYNTHETIC — replace with human labels]
PPN1881728234/00000237_0,Silver,0,0,1,1,0,0,1,0,0,1,landscape,[SYNTHETIC — replace with human labels]
PPN1881728234/00000226_0,Silver,1,0,0,1,0,0,0,1,0,1,landscape,[SYNTHETIC — replace with human labels]
PPN1881728234/00000222_0,Silver,1,1,0,1,0,0,0,1,0,0,teaching,[SYNTHETIC — replace with human labels]
PPN1881728234/00000214_0,Silver,1,1,0,1,0,0,0,1,0,0,teaching,[SYNTHETIC — replace with human labels]
PPN1881728234/00000202_0,Silver,1,1,0,1,0,0,0,1,0,0,teaching,[SYNTHETIC — replace with human labels]
PPN1881728234/00000186_0,Silver,1,1,0,1,0,0,0,1,0,0,teaching,[SYNTHETIC — replace with human labels]
PPN1881728234/00000183_0,Silver,1,1,0,1,0,0,0,1,0,1,teaching,[SYNTHETIC — replace with human labels]
PPN1881728234/00000174_1,Silver,0,0,1,1,0,0,1,0,0,1,landscape,[SYNTHETIC — replace with human labels]
PPN1881728234/00000171_1,Silver,1,1,0,1,0,0,0,1,0,0,teaching,[SYNTHETIC — replace with human labels]
PPN1756648816/00000240_0,Silver,1,1,0,1,0,0,0,1,0,0,teaching,[SYNTHETIC — replace with human labels]
PPN1756648816/00000237_0,Silver,0,0,1,1,0,0,1,0,0,1,landscape,[SYNTHETIC — replace with human labels]
PPN1756648816/00000233_0,Silver,1,1,0,1,0,0,0,1,0,0,teaching,[SYNTHETIC — replace with human labels]
PPN1756648816/00000230_0,Silver,1,1,0,1,0,0,0,1,0,0,teaching,[SYNTHETIC — replace with human labels]
PPN1756648816/00000221_2,Silver,0,0,1,1,0,0,1,0,0,1,landscape,[SYNTHETIC — replace with human labels]
PPN1756648816/00000218_0,Silver,1,1,0,1,0,0,0,1,0,0,teaching,[SYNTHETIC — replace with human labels]
PPN1881728234/00000163_0,Silver,1,1,0,1,0,0,0,1,0,0,teaching,[SYNTHETIC — replace with human labels]
PPN1881728234/00000162_1,Silver,1,0,0,0,0,0,0,1,1,0,drawing,[SYNTHETIC — replace with human labels]
PPN1881728234/00000162_0,Silver,1,1,0,1,0,0,0,1,0,0,teaching,[SYNTHETIC — replace with human labels]
PPN1881728234/00000156_0,Silver,1,1,0,1,0,0,0,1,0,0,teaching,[SYNTHETIC — replace with human labels]
PPN1881728234/00000155_1,Silver,1,1,0,1,0,0,0,1,0,0,teaching,[SYNTHETIC — replace with human labels]
PPN1881728234/00000151_0,Silver,1,1,0,1,0,0,0,1,0,1,teaching,[SYNTHETIC — replace with human labels]
PPN1881728234/00000141_1,Silver,1,1,0,1,0,0,0,1,0,0,teaching,[SYNTHETIC — replace with human labels]
PPN1881728234/00000140_0,Silver,1,1,0,1,0,0,0,1,0,0,teaching,[SYNTHETIC — replace with human labels]
PPN1881728234/00000138_0,Silver,1,1,0,1,0,0,0,1,0,0,teaching,[SYNTHETIC — replace with human labels]
PPN1881728234/00000128_0,Silver,1,1,0,1,0,0,0,1,0,0,teaching,[SYNTHETIC — replace with human labels]
PPN1881728234/00000126_1,Silver,1,0,0,1,0,0,0,1,0,0,landscape,[SYNTHETIC — replace with human labels]
PPN1881728234/00000122_0,Silver,1,0,0,0,0,0,0,0,0,1,landscape,[SYNTHETIC — replace with human labels]
PPN1756648816/00000264_0,Silver,1,1,0,1,0,0,0,1,0,0,teaching,[SYNTHETIC — replace with human labels]
PPN1756648816/00000262_0,Silver,1,1,0,1,0,0,0,1,0,0,teaching,[SYNTHETIC — replace with human labels]
PPN1756648816/00000260_0,Silver,1,1,0,1,0,0,0,1,0,0,teaching,[SYNTHETIC — replace with human labels]
PPN1756648816/00000259_0,Silver,1,0,0,1,0,0,0,1,0,1,landscape,[SYNTHETIC — replace with human labels]
PPN1756648816/00000255_0,Silver,1,1,0,1,0,0,0,1,0,1,teaching,[SYNTHETIC — replace with human labels]
PPN1756648816/00000250_0,Silver,1,1,0,1,0,0,0,1,0,0,teaching,[SYNTHETIC — replace with human labels]
PPN1756648816/00000247_0,Silver,1,1,0,1,0,0,0,1,0,1,teaching,[SYNTHETIC — replace with human labels]
PPN1881728234/00000100_1,Silver,1,1,0,1,0,0,0,1,0,0,teaching,[SYNTHETIC — replace with human labels]
PPN1881728234/00000093_0,Silver,1,1,0,1,0,0,0,1,0,1,landscape,[SYNTHETIC — replace with human labels]
PPN1881728234/00000090_0,Silver,1,1,0,1,0,0,0,1,0,0,teaching,[SYNTHETIC — replace with human labels]
PPN1881728234/00000084_1,Silver,1,1,0,1,0,0,0,1,0,0,teaching,[SYNTHETIC — replace with human labels]
PPN1881728234/00000083_1,Silver,1,1,0,1,0,0,0,1,0,0,teaching,[SYNTHETIC — replace with human labels]
PPN1881728234/00000080_0,Silver,1,1,0,0,0,0,0,0,0,0,teaching,[SYNTHETIC — replace with human labels]
PPN1881728234/00000078_0,Silver,1,1,0,1,0,0,0,1,0,0,teaching,[SYNTHETIC — replace with human labels]
PPN1881728234/00000062_1,Silver,1,1,0,1,0,0,0,1,0,0,teaching,[SYNTHETIC — replace with human labels]
PPN1881728234/00000060_1,Silver,1,1,0,1,0,0,0,1,0,0,teaching,[SYNTHETIC — replace with human labels]
PPN1756655391/00000043_1,Silver,1,1,0,1,0,0,0,1,0,0,teaching,[SYNTHETIC — replace with human labels]
PPN1756650470/00000090_0,Silver,1,1,0,1,0,0,0,1,0,0,teaching,[SYNTHETIC — replace with human labels]
PPN1756650470/00000078_0,Silver,1,1,0,1,0,0,0,1,0,0,teaching,[SYNTHETIC — replace with human labels]
PPN1756648816/00000273_0,Silver,0,0,1,1,0,0,1,0,0,1,landscape,[SYNTHETIC — replace with human labels]
PPN1756648816/00000269_1,Silver,1,1,1,1,0,0,1,1,0,1,landscape,[SYNTHETIC — replace with human labels]
PPN1756648816/00000268_1,Silver,1,0,0,0,0,0,0,1,1,0,drawing,[SYNTHETIC — replace with human labels]
PPN1756648816/00000266_0,Silver,1,1,0,1,0,0,0,1,0,1,teaching,[SYNTHETIC — replace with human labels]
PPN1881728234/00000052_1,Silver,1,1,0,1,0,0,0,1,0,0,teaching,[SYNTHETIC — replace with human labels]
PPN1881728234/00000052_0,Silver,1,1,0,1,0,0,0,1,0,0,teaching,[SYNTHETIC — replace with human labels]
PPN1881728234/00000047_1,Silver,1,1,0,1,0,0,0,1,0,0,teaching,[SYNTHETIC — replace with human labels]
PPN1880506351/00000047_1,Silver,1,1,0,1,0,0,0,1,0,0,teaching,[SYNTHETIC — replace with human labels]
PPN188044660X/00000010_1,Silver,1,1,1,1,0,0,1,1,0,1,landscape,[SYNTHETIC — replace with human labels]
PPN188044660X/00000007_1,Silver,1,1,0,1,0,0,0,1,0,0,teaching,[SYNTHETIC — replace with human labels]
PPN188044660X/00000005_0,Silver,1,1,0,1,0,0,0,1,0,1,teaching,[SYNTHETIC — replace with human labels]
PPN188044660X/00000001_0,Silver,1,1,0,1,0,0,0,1,0,0,teaching,[SYNTHETIC — replace with human labels]
PPN1756904235/00000097_0,Silver,1,1,0,1,0,0,0,1,0,0,teaching,[SYNTHETIC — replace with human labels]
PPN1756655391/00000043_3,Silver,1,0,0,1,0,0,0,1,0,0,landscape,[SYNTHETIC — replace with human labels]
PPN1756655391/00000043_2,Silver,1,1,0,1,0,0,0,1,0,0,teaching,[SYNTHETIC — replace with human labels]
PPN1880349418/00000090_0,Silver,1,1,0,1,0,0,0,1,0,0,teaching,[SYNTHETIC — replace with human labels]
PPN1880349418/00000078_1,Silver,1,1,0,1,0,0,0,1,0,0,teaching,[SYNTHETIC — replace with human labels]
PPN1880349418/00000074_1,Silver,1,1,0,1,0,0,0,1,0,0,teaching,[SYNTHETIC — replace with human labels]
PPN1880349418/00000063_2,Silver,1,1,0,1,0,0,0,1,0,0,teaching,[SYNTHETIC — replace with human labels]
PPN1880349418/00000053_1,Silver,1,1,0,1,0,0,0,1,0,0,teaching,[SYNTHETIC — replace with human labels]
PPN1880349418/00000052_1,Silver,1,1,0,1,0,0,0,1,0,0,teaching,[SYNTHETIC — replace with human labels]
PPN1880349418/00000052_0,Silver,1,1,0,1,0,0,0,1,0,0,teaching,[SYNTHETIC — replace with human labels]
PPN1880349418/00000045_1,Silver,1,1,0,1,0,0,0,1,0,0,teaching,[SYNTHETIC — replace with human labels]
PPN1880349418/00000043_2,Silver,1,1,0,1,0,0,0,1,0,0,teaching,[SYNTHETIC — replace with human labels]
PPN1880349418/00000042_1,Silver,1,1,0,1,0,0,0,1,0,0,teaching,[SYNTHETIC — replace with human labels]
PPN1880343215/00000040_1,Silver,1,1,0,1,0,0,0,1,0,0,teaching,[SYNTHETIC — replace with human labels]
PPN1880335123/00000051_1,Silver,1,1,0,1,0,0,0,1,0,0,teaching,[SYNTHETIC — replace with human labels]
PPN175690989X/00000045_1,Silver,1,1,0,1,0,0,0,1,0,0,teaching,[SYNTHETIC — replace with human labels]
PPN175690989X/00000024_3,Silver,1,1,0,1,0,0,0,1,0,0,teaching,[SYNTHETIC — replace with human labels]
PPN1756904812/00000101_0,Silver,1,1,0,1,0,0,0,1,0,0,teaching,[SYNTHETIC — replace with human labels]
PPN1756904537/00000031_1,Silver,0,0,1,1,0,0,1,0,0,1,landscape,[SYNTHETIC — replace with human labels]
PPN1880315505/00000008_4,Silver,1,1,0,1,0,0,0,1,0,0,teaching,[SYNTHETIC — replace with human labels]
PPN1880109913/00000045_1,Silver,1,1,0,1,0,0,0,1,0,0,teaching,[SYNTHETIC — replace with human labels]
PPN1880109913/00000041_1,Silver,1,1,0,1,0,0,0,1,0,0,teaching,[SYNTHETIC — replace with human labels]
PPN1879951932/00000159_0,Silver,1,1,0,1,0,0,0,1,0,0,teaching,[SYNTHETIC — replace with human labels]
PPN1879951932/00000101_0,Silver,1,1,0,1,0,0,0,1,0,0,teaching,[SYNTHETIC — replace with human labels]
PPN1879951932/00000093_0,Silver,1,1,0,1,0,0,0,1,0,1,landscape,[SYNTHETIC — replace with human labels]
PPN1879905868/00000023_2,Silver,1,1,0,1,0,0,0,1,0,0,teaching,[SYNTHETIC — replace with human labels]
PPN1879905868/00000008_3,Silver,1,1,0,0,0,0,0,0,0,0,teaching,[SYNTHETIC — replace with human labels]
PPN1879905868/00000007_4,Silver,1,1,0,1,0,0,0,1,0,0,teaching,[SYNTHETIC — replace with human labels]
PPN1879905868/00000006_4,Silver,1,1,0,1,0,0,0,1,0,0,teaching,[SYNTHETIC — replace with human labels]
PPN1879904624/00000063_1,Silver,1,1,0,1,0,0,0,1,0,0,teaching,[SYNTHETIC — replace with human labels]
PPN1879904624/00000045_1,Silver,1,1,0,1,0,0,0,1,0,0,teaching,[SYNTHETIC — replace with human labels]
PPN1879901595/00000061_1,Silver,1,1,0,1,0,0,0,1,0,0,teaching,[SYNTHETIC — replace with human labels]
PPN1879901595/00000059_1,Silver,1,1,0,1,0,0,0,1,0,0,teaching,[SYNTHETIC — replace with human labels]
PPN1879901595/00000056_2,Silver,1,1,0,1,0,0,0,1,0,0,teaching,[SYNTHETIC — replace with human labels]
PPN1879901595/00000054_3,Silver,1,1,0,1,0,0,0,1,0,0,teaching,[SYNTHETIC — replace with human labels]
PPN1756910774/00000081_1,Silver,1,1,0,1,0,0,0,1,0,0,teaching,[SYNTHETIC — replace with human labels]
PPN1756910774/00000063_1,Silver,1,1,0,1,0,0,0,1,0,0,teaching,[SYNTHETIC — replace with human labels]
PPN1756910774/00000062_1,Silver,1,1,0,1,0,0,0,1,0,0,teaching,[SYNTHETIC — replace with human labels]
PPN175690989X/00000112_0,Silver,1,1,0,1,0,0,0,1,0,0,teaching,[SYNTHETIC — replace with human labels]
PPN175690989X/00000094_1,Silver,1,1,0,1,0,0,0,1,0,0,teaching,[SYNTHETIC — replace with human labels]
PPN175690989X/00000088_2,Silver,1,0,0,1,0,0,0,1,0,0,drawing,[SYNTHETIC — replace with human labels]
PPN175690989X/00000074_2,Silver,1,1,0,1,0,0,0,1,0,0,teaching,[SYNTHETIC — replace with human labels]
PPN175690989X/00000074_1,Silver,1,1,0,1,0,0,0,1,0,0,teaching,[SYNTHETIC — replace with human labels]
PPN175690989X/00000047_1,Silver,1,1,0,1,0,0,0,1,0,0,teaching,[SYNTHETIC — replace with human labels]
PPN175690989X/00000045_2,Silver,1,1,0,0,0,0,0,0,0,0,teaching,[SYNTHETIC — replace with human labels]
PPN1756910774/00000128_0,Silver,1,1,0,1,0,0,0,1,0,0,teaching,[SYNTHETIC — replace with human labels]
PPN1756910774/00000127_0,Silver,1,0,0,1,0,0,0,1,0,1,landscape,[SYNTHETIC — replace with human labels]
PPN1756910774/00000126_2,Silver,1,1,1,1,0,0,1,1,0,1,landscape,[SYNTHETIC — replace with human labels]
PPN1756910774/00000126_1,Silver,1,0,0,1,0,0,0,1,0,0,landscape,[SYNTHETIC — replace with human labels]
PPN1756910774/00000122_0,Silver,1,0,0,0,0,0,0,0,0,1,landscape,[SYNTHETIC — replace with human labels]
PPN1756910774/00000121_1,Silver,1,1,0,1,0,0,0,1,0,0,teaching,[SYNTHETIC — replace with human labels]
PPN1756910774/00000121_0,Silver,1,1,0,1,0,0,0,1,0,0,teaching,[SYNTHETIC — replace with human labels]
PPN1756910774/00000116_1,Silver,1,1,0,1,0,0,0,1,0,0,teaching,[SYNTHETIC — replace with human labels]
PPN1756910774/00000115_1,Silver,1,1,0,1,0,0,0,1,0,0,teaching,[SYNTHETIC — replace with human labels]
PPN1879901595/00000054_1,Silver,1,1,0,1,0,0,0,1,0,0,teaching,[SYNTHETIC — replace with human labels]
PPN1879901595/00000052_0,Silver,1,1,0,1,0,0,0,1,0,0,teaching,[SYNTHETIC — replace with human labels]
PPN1879901595/00000050_6,Silver,1,1,0,1,0,0,0,1,0,0,teaching,[SYNTHETIC — replace with human labels]
PPN1879901595/00000050_5,Silver,1,1,0,1,0,0,0,1,1,0,drawing,[SYNTHETIC — replace with human labels]
PPN1879901595/00000050_3,Silver,1,1,0,1,0,0,0,1,0,0,teaching,[SYNTHETIC — replace with human labels]
PPN1879901595/00000048_2,Silver,1,1,0,1,0,0,0,1,0,0,teaching,[SYNTHETIC — replace with human labels]
PPN1879901595/00000044_3,Silver,0,0,0,0,0,0,0,0,0,0,teaching,[SYNTHETIC — replace with human labels]
PPN1879901595/00000043_3,Silver,1,0,0,1,0,0,0,1,0,0,landscape,[SYNTHETIC — replace with human labels]
PPN1879901595/00000043_2,Silver,1,1,0,1,0,0,0,1,0,0,teaching,[SYNTHETIC — replace with human labels]
PPN1756910774/00000163_2,Silver,1,0,0,1,0,0,0,1,0,0,drawing,[SYNTHETIC — replace with human labels]
PPN1756910774/00000162_0,Silver,1,1,0,1,0,0,0,1,0,0,teaching,[SYNTHETIC — replace with human labels]
PPN1756910774/00000161_1,Silver,1,1,1,1,0,0,1,1,0,1,landscape,[SYNTHETIC — replace with human labels]
PPN1756910774/00000159_0,Silver,1,1,0,1,0,0,0,1,0,0,teaching,[SYNTHETIC — replace with human labels]
PPN1756910774/00000158_1,Silver,1,1,0,1,0,0,0,1,0,0,teaching,[SYNTHETIC — replace with human labels]
PPN1756910774/00000157_1,Silver,1,0,0,1,0,0,0,1,1,0,drawing,[SYNTHETIC — replace with human labels]
PPN1756910774/00000156_1,Silver,1,1,1,1,0,0,1,1,0,1,landscape,[SYNTHETIC — replace with human labels]
PPN1756910774/00000156_0,Silver,1,1,0,1,0,0,0,1,0,0,teaching,[SYNTHETIC — replace with human labels]
PPN1756910774/00000141_1,Silver,1,1,0,1,0,0,0,1,0,0,teaching,[SYNTHETIC — replace with human labels]
PPN1756910774/00000137_1,Silver,1,1,0,1,0,0,0,1,0,0,teaching,[SYNTHETIC — replace with human labels]
PPN1756910774/00000135_1,Silver,1,0,0,1,0,0,0,1,0,0,drawing,[SYNTHETIC — replace with human labels]
PPN1756910774/00000133_1,Silver,1,1,0,1,0,0,0,1,0,0,teaching,[SYNTHETIC — replace with human labels]
PPN1879901595/00000041_1,Silver,1,1,0,1,0,0,0,1,0,0,teaching,[SYNTHETIC — replace with human labels]
PPN1879901595/00000026_3,Silver,1,1,0,1,0,0,0,1,0,0,teaching,[SYNTHETIC — replace with human labels]
PPN1879901595/00000017_4,Silver,1,1,0,1,0,0,0,1,0,0,teaching,[SYNTHETIC — replace with human labels]
PPN1879899353/00000023_4,Silver,1,1,0,1,0,0,1,1,0,1,playing,[SYNTHETIC — replace with human labels]
PPN1756910774/00000254_1,Silver,1,1,0,1,0,0,0,1,0,0,teaching,[SYNTHETIC — replace with human labels]
PPN1756910774/00000247_2,Silver,0,0,1,1,0,0,1,0,0,1,landscape,[SYNTHETIC — replace with human labels]
PPN1756910774/00000247_1,Silver,1,1,0,1,0,0,0,1,0,0,teaching,[SYNTHETIC — replace with human labels]
PPN1756910774/00000210_0,Silver,1,1,0,1,0,0,0,1,0,0,teaching,[SYNTHETIC — replace with human labels]
PPN1756910774/00000183_0,Silver,1,1,0,1,0,0,0,1,0,1,teaching,[SYNTHETIC — replace with human labels]
PPN1756910774/00000182_1,Silver,1,1,0,1,0,0,0,1,0,0,teaching,[SYNTHETIC — replace with human labels]
PPN1756910774/00000178_0,Silver,1,1,0,1,0,0,0,1,0,0,teaching,[SYNTHETIC — replace with human labels]
PPN1756910774/00000175_1,Silver,1,0,0,1,0,0,0,1,0,1,landscape,[SYNTHETIC — replace with human labels]
PPN1756910774/00000165_1,Silver,1,1,0,1,0,0,0,1,0,0,teaching,[SYNTHETIC — replace with human labels]
PPN1879899353/00000014_4,Silver,1,1,0,1,0,0,0,1,0,0,teaching,[SYNTHETIC — replace with human labels]
PPN1879899353/00000002_7,Silver,1,1,0,0,0,0,0,0,0,0,teaching,[SYNTHETIC — replace with human labels]
PPN1879899353/00000002_4,Silver,1,1,0,1,0,0,0,1,0,0,teaching,[SYNTHETIC — replace with human labels]
PPN1879895366/00000027_3,Silver,1,1,0,1,0,0,0,1,0,0,teaching,[SYNTHETIC — replace with human labels]
PPN1879884518/00000018_3,Silver,1,1,0,1,0,0,0,1,0,0,teaching,[SYNTHETIC — replace with human labels]
PPN1879884518/00000016_2,Silver,1,1,0,1,0,0,0,1,0,0,teaching,[SYNTHETIC — replace with human labels]
PPN1879880407/00000040_1,Silver,1,1,0,1,0,0,0,1,0,0,teaching,[SYNTHETIC — replace with human labels]
PPN1879857391/00000028_1,Silver,1,1,0,1,0,0,0,1,0,0,teaching,[SYNTHETIC — replace with human labels]
PPN1879855313/00000078_0,Silver,1,1,0,1,0,0,0,1,0,0,teaching,[SYNTHETIC — replace with human labels]
PPN1879855313/00000056_1,Silver,1,1,0,1,0,0,0,1,0,0,teaching,[SYNTHETIC — replace with human labels]
PPN1879854767/00000064_2,Silver,1,1,0,1,0,0,0,1,0,0,teaching,[SYNTHETIC — replace with human labels]
PPN1879854767/00000064_1,Silver,1,1,0,1,0,0,0,1,0,0,teaching,[SYNTHETIC — replace with human labels]
PPN1756910774/00000276_0,Silver,1,1,0,0,0,0,0,0,0,0,teaching,[SYNTHETIC — replace with human labels]
PPN1756910774/00000275_1,Silver,1,1,1,1,0,0,1,0,0,1,landscape,[SYNTHETIC — replace with human labels]
PPN1756910774/00000274_0,Silver,1,1,0,1,0,0,0,1,0,0,teaching,[SYNTHETIC — replace with human labels]
PPN1756910774/00000273_0,Silver,0,0,1,1,0,0,1,0,0,1,landscape,[SYNTHETIC — replace with human labels]
